"year","month","radiationtype","radiation"
"2010","03","dni","117746"
"2012","02","dni","175212"
"2017","02","ghi","205865"
"2013","05","ghi","129306"
"2017","09","ghi","193836"
"2009","12","dni","221786"
"2014","12","ghi","230258"
"2011","06","ghi","121886"
"2016","05","ghi","136388"
"2013","10","dni","229677"
"2016","01","dni","193384"
"2018","01","dni","213412"
"2016","10","dni","236581"
"2012","04","ghi","161020"
"2016","02","dni","153667"
"2012","12","dni","251208"
"2018","02","dni","194674"
"2013","02","dni","123484"
"2009","04","ghi","142115"
"2008","02","ghi","146725"
"2018","05","ghi","146421"
"2012","08","ghi","158104"
"2014","06","ghi","110060"
"2016","09","dni","143077"
"2018","08","ghi","0"
"2010","05","ghi","139336"
"2015","11","dni","196913"
"2013","08","ghi","168808"
"2017","03","dni","161214"
"2015","03","ghi","185471"
"2011","07","ghi","141932"
"2009","06","dni","189095"
"2012","10","ghi","205164"
"2013","07","dni","141016"
"2008","09","dni","189887"
"2010","03","ghi","160539"
"2010","06","dni","155935"
"2008","11","dni","196265"
"2012","02","ghi","183170"
"2018","07","dni","195383"
"2017","09","dni","231176"
"2017","11","dni","223214"
"2017","08","ghi","167304"
"2012","08","dni","181313"
"2008","08","dni","183685"
"2017","01","ghi","209430"
"2014","05","dni","166430"
"2011","06","dni","165055"
"2012","01","dni","175778"
"2016","09","ghi","160951"
"2011","08","dni","157661"
"2008","02","dni","111003"
"2008","10","dni","176595"
"2013","09","ghi","192264"
"2015","09","ghi","186491"
"2008","01","dni","135178"
"2009","06","ghi","131032"
"2018","05","dni","190580"
"2011","01","dni","200189"
"2010","07","ghi","124895"
"2011","10","dni","184194"
"2012","10","dni","194011"
"2011","02","dni","157028"
"2017","10","ghi","203997"
"2008","03","dni","95665"
"2017","05","ghi","130281"
"2011","12","dni","135838"
"2011","04","ghi","150849"
"2014","01","dni","188841"
"2014","02","dni","121375"
"2014","10","dni","239034"
"2012","05","dni","147871"
"2009","12","ghi","227639"
"2008","12","dni","220036"
"2009","07","ghi","142523"
"2015","03","dni","189515"
"2018","08","dni","0"
"2010","09","ghi","140439"
"2016","03","dni","134981"
"2014","08","dni","199373"
"2017","12","ghi","253250"
"2013","01","dni","210837"
"2010","12","ghi","139817"
"2012","07","ghi","110334"
"2014","04","dni","152090"
"2015","09","dni","215983"
"2015","10","dni","205445"
"2017","08","dni","207440"
"2016","06","ghi","114784"
"2018","06","ghi","127637"
"2015","08","ghi","162513"
"2015","06","ghi","112312"
"2014","11","ghi","225633"
"2009","11","dni","119348"
"2009","03","ghi","177672"
"2013","06","ghi","124096"
"2010","02","dni","87764"
"2015","05","dni","159551"
"2010","10","dni","151178"
"2016","12","dni","236271"
"2009","09","ghi","175764"
"2012","09","dni","195384"
"2010","10","ghi","181796"
"2008","01","ghi","174146"
"2013","09","dni","221300"
"2008","12","ghi","220575"
"2016","08","ghi","142550"
"2009","03","dni","198791"
"2010","05","dni","173687"
"2013","08","dni","218187"
"2008","04","ghi","140824"
"2008","08","ghi","150458"
"2016","07","dni","156800"
"2012","01","ghi","199005"
"2016","12","ghi","228954"
"2011","11","ghi","211552"
"2015","12","ghi","218659"
"2010","02","ghi","145708"
"2015","05","ghi","120623"
"2013","12","ghi","233444"
"2017","05","dni","154416"
"2015","02","dni","157741"
"2011","05","ghi","142885"
"2014","10","ghi","222249"
"2015","01","dni","157548"
"2008","05","dni","171758"
"2013","03","dni","151764"
"2010","01","dni","93364"
"2013","04","ghi","139044"
"2011","03","ghi","129605"
"2013","12","dni","240911"
"2011","11","dni","202232"
"2018","04","ghi","150404"
"2009","04","dni","161649"
"2009","11","ghi","116058"
"2016","04","ghi","144285"
"2013","05","dni","139188"
"2012","06","dni","131560"
"2014","04","ghi","148932"
"2017","06","ghi","119838"
"2014","12","dni","236426"
"2016","05","dni","162144"
"2014","07","ghi","141693"
"2010","06","ghi","122362"
"2008","04","dni","171073"
"2018","07","ghi","140715"
"2016","07","ghi","124157"
"2009","07","dni","206932"
"2008","11","ghi","202782"
"2013","07","ghi","126130"
"2015","08","dni","206110"
"2016","06","dni","147156"
"2011","07","dni","201557"
"2018","06","dni","176655"
"2010","01","ghi","159495"
"2012","06","ghi","111418"
"2011","04","dni","165765"
"2015","06","dni","123150"
"2010","12","dni","81410"
"2012","07","dni","115390"
"2010","04","ghi","139523"
"2016","03","ghi","148685"
"2014","08","ghi","160184"
"2017","07","ghi","141940"
"2014","11","dni","238104"
"2014","09","dni","195944"
"2016","11","dni","251495"
"2013","11","dni","136288"
"2013","03","ghi","167592"
"2008","05","ghi","138312"
"2009","08","dni","216865"
"2018","03","ghi","183201"
"2014","03","ghi","158147"
"2014","06","dni","127571"
"2013","06","dni","164185"
"2016","08","dni","148307"
"2009","10","dni","219187"
"2008","07","dni","142725"
"2010","11","dni","48109"
"2015","07","dni","163984"
"2008","06","ghi","115036"
"2010","09","dni","108962"
"2010","08","ghi","136232"
"2011","12","ghi","187648"
"2018","01","ghi","222355"
"2016","10","ghi","217539"
"2013","10","ghi","218967"
"2009","02","dni","59923"
"2018","02","ghi","191704"
"2014","02","ghi","161161"
"2016","02","ghi","169026"
"2016","01","ghi","201776"
"2009","01","dni","55828"
"2012","05","ghi","129648"
"2010","07","dni","146249"
"2013","01","ghi","217949"
"2014","01","ghi","204319"
"2009","01","ghi","145097"
"2009","02","ghi","104521"
"2009","05","dni","129975"
"2011","09","dni","224615"
"2015","04","ghi","160728"
"2009","10","ghi","213204"
"2008","07","ghi","114104"
"2009","05","ghi","124157"
"2017","12","dni","288149"
"2008","10","ghi","195496"
"2014","09","ghi","180663"
"2017","06","dni","157217"
"2009","09","dni","197955"
"2012","11","dni","239603"
"2012","03","ghi","144242"
"2014","05","ghi","141051"
"2017","11","ghi","219277"
"2017","04","dni","187288"
"2011","08","ghi","141528"
"2015","12","dni","217924"
"2011","09","ghi","192184"
"2008","03","ghi","127852"
"2010","08","dni","142608"
"2011","02","ghi","179291"
"2012","11","ghi","224627"
"2012","09","ghi","180929"
"2017","04","ghi","165213"
"2011","05","dni","186874"
"2012","04","dni","179173"
"2013","04","dni","134746"
"2012","03","dni","106177"
"2015","04","dni","185216"
"2009","08","ghi","166487"
"2016","04","dni","140544"
"2017","03","ghi","165465"
"2015","11","ghi","203288"
"2016","11","ghi","227487"
"2011","03","dni","83040"
"2013","11","ghi","181079"
"2018","04","dni","167014"
"2017","07","dni","197821"
"2018","03","dni","183191"
"2014","03","dni","139572"
"2010","11","ghi","119812"
"2010","04","dni","129108"
"2015","07","ghi","129484"
"2008","09","ghi","176582"
"2011","01","ghi","215852"
"2011","10","ghi","193377"
"2017","02","dni","222054"
"2012","12","ghi","232290"
"2014","07","dni","195943"
"2008","06","dni","145563"
"2015","02","ghi","178928"
"2017","01","dni","209892"
"2015","01","ghi","194798"
"2015","10","ghi","208581"
"2017","10","dni","206333"
"2013","02","ghi","160007"
